user_id,username,password,role
1,LiamGrant,password,user
2,RyanThompson,password,user
3,OliviaZimmerman,password,admin
4,PhoebeParker,password,admin
5,ZoeYates,password,admin
6,AvaJames,password,admin
7,KylieTaylor,password,user
8,FinnFoster,password,admin
9,AliceNelson,password,admin
10,MiaThompson,password,user
11,XavierXu,password,user
12,HenryNewton,password,user
13,EthanRichards,password,user
14,EmmaFoster,password,admin
15,GraceThompson,password,user
16,EmmaThompson,password,admin
17,BrianWalker,password,admin
18,FinnJackson,password,user
19,AvaYoung,password,user
20,BrianJackson,password,admin
21,GraceRoberts,password,user
22,MariaIngram,password,user
23,NathanVaughn,password,user
24,VioletVan Dyke,password,admin
25,FinnYoung,password,admin
26,QuinnRichards,password,user
27,SamuelOliver,password,user
28,UnaNelson,password,admin
29,PeterTaylor,password,admin
30,MiaXander,password,user
31,PhoebeTaylor,password,admin
32,CharlotteIrving,password,admin
33,HugoGrant,password,user
34,UrsulaGrant,password,admin
35,PeterGreen,password,admin
36,WillZimmerman,password,user
37,NoahBrown,password,admin
38,RyanSmith,password,admin
39,EmmaWalker,password,admin
40,DavidAdams,password,user
41,MiaVaughn,password,user
42,NathanAdams,password,admin
43,EthanDaniels,password,user
44,BrianParker,password,admin
45,WillAdams,password,admin
46,NathanCampbell,password,user
47,CharlotteJackson,password,user
48,NoahLewis,password,admin
49,SamuelGreen,password,user
50,ThomasEvans,password,user
51,SophiaCampbell,password,user
52,MariaIrving,password,admin
53,DavidGrant,password,user
54,SophiaHill,password,user
55,SophiaBrooks,password,admin
56,UnaBrown,password,user
57,KylieParker,password,user
58,NathanJames,password,admin
59,GraceRoberts,password,user
60,FinnPeterson,password,admin
61,DavidCampbell,password,admin
62,KylieAnderson,password,user
63,QuinnQuinn,password,user
64,NoahYates,password,admin
65,ZoeJames,password,admin
66,UnaTaylor,password,user
67,BrianO'Connor,password,user
68,UrsulaCampbell,password,admin
69,EvaGreen,password,user
70,MiaBrown,password,user
71,YvonneEvans,password,admin
72,MariaAnderson,password,user
73,HenryJackson,password,user
74,VictorKing,password,user
75,KatieAdams,password,admin
76,HugoGreen,password,user
77,VictorWhite,password,user
78,SophiaCampbell,password,admin
79,PhoebeDavis,password,user
80,UrsulaAdams,password,admin
81,DavidIngram,password,user
82,BrianVaughn,password,admin
83,NoahParker,password,user
84,MiaHarris,password,user
85,NoahIrving,password,user
86,PhoebeRoberts,password,user
87,LiamBrooks,password,user
88,NoahLee,password,admin
89,UnaNewton,password,admin
90,ZacharyClark,password,admin
91,JackAnderson,password,admin
92,FrederickIrving,password,admin
93,VioletTaylor,password,admin
94,SamuelXander,password,admin
95,JackTaylor,password,user
96,WillHill,password,user
97,KylieMartin,password,user
98,WendyKing,password,admin
99,EthanUnderwood,password,admin
100,NoahLewis,password,user
